client,apar_id,voucher_no,sequence_no,voucher_type,voucher_date,trans_date,due_date,description,amount,cur_amount,currency,rest_amount,rest_curr,discount,dc_flag,status,pay_flag,pay_method,payment_date,period,payperiod,ext_inv_ref,orig_reference,order_id,contract_id,tax_code,exch_rate,rem_level,remind_date,collect_status,collect_agency,intrule_id,int_status,last_update,wf_state,_edge_case
HOC,CHOC0017,AR802667,1,DINV,2025-12-14,2025-12-14,2026-01-13,Tempore laborum earum laborum harum pariatur reiciendis quam.,32478.23,,GBP,21477.04,,,1,N,0,BACS,,202512,,INV57526,,PO6060,,S1,,0,,,,RULE1,,2026-05-05,T,
HOC,CHOC0028,AR458332,1,SINV,2025-09-22,2025-09-22,2025-10-22,Ullam voluptatem modi tenetur nihil optio assumenda.,11713.88,,GBP,10424.74,,,1,N,0,INT,,202509,,INV23256,,PO9317,,S1,,2,,,,RULE1,,2026-05-05,T,
HOC,CHOC0068,AR139581,1,SINV,2024-11-20,2024-11-20,2025-02-18,Consequatur iure amet fugiat distinctio eveniet.,6986.93,,GBP,4881.24,,,1,N,0,CHQ,,202411,,INV91885,,PO3712,,S1,,1,,,,RULE1,,2026-05-05,T,
HOC,CHOC0006,AR530816,1,PINV,2025-01-16,2025-01-16,2025-04-16,Eius veritatis in rerum iusto quibusdam.,36119.49,,GBP,8102.65,,,1,N,0,INT,,202501,,INV68841,,PO4833,,S1,,2,,,,RULE1,,2026-05-05,T,
HOC,CHOC0031,AR424500,1,DINV,2025-08-18,2025-08-18,2025-09-17,Voluptatum expedita officiis.,18708.13,,GBP,4532.9,,,1,N,0,DD,,202508,,INV46932,,PO7256,,S1,,2,,,,RULE1,,2026-05-05,T,
HOC,CHOC0068,AR538997,1,DINV,2023-11-28,2023-11-28,2023-12-28,Quidem veniam dicta.,40162.33,,GBP,35715.6,,,1,N,0,BACS,,202311,,INV94040,,PO8873,,S1,,0,,,,RULE1,,2026-05-05,T,
HOC,CHOC0071,AR207573,1,DINV,2025-11-22,2025-11-22,2025-12-22,Numquam dolores labore.,14610.62,,GBP,5690.93,,,1,N,0,DD,,202511,,INV77286,,PO3414,,S1,,1,,,,RULE1,,2026-05-05,T,
HOC,CHOC0012,AR332823,1,DINV,2025-07-12,2025-07-12,2025-09-10,Natus dolor praesentium quisquam.,46558.36,,GBP,31104.82,,,1,N,0,INT,,202507,,INV40903,,PO7326,,S1,,0,,,,RULE1,,2026-05-05,T,
HOC,CHOC0048,AR335445,1,PINV,2023-02-27,2023-02-27,2023-04-28,Non vitae quaerat quod.,46575.88,,GBP,15307.58,,,1,N,0,INT,,202302,,INV29142,,PO3254,,S1,,0,,,,RULE1,,2026-05-05,T,
HOC,CHOC0037,AR970068,1,DINV,2025-08-25,2025-08-25,2025-11-23,Vitae autem ad est.,41639.97,,GBP,16361.47,,,1,N,0,DD,,202508,,INV90654,,PO1086,,S1,,0,,,,RULE1,,2026-05-05,T,
HOC,CHOC0003,AR368355,1,PINV,2024-03-17,2024-03-17,2024-04-16,Id quaerat asperiores porro occaecati aut.,27665.81,,GBP,11570.18,,,1,N,0,DD,,202403,,INV24573,,PO5720,,S1,,0,,,,RULE1,,2026-05-05,T,
HOC,CHOC0039,AR227767,1,DINV,2023-04-08,2023-04-08,2023-05-08,Sed nobis commodi voluptates quos.,21281.36,,GBP,7765.16,,,1,N,0,BACS,,202304,,INV24530,,PO9189,,S1,,2,,,,RULE1,,2026-05-05,T,
HOC,CHOC0069,AR117233,1,DINV,2025-11-21,2025-11-21,2026-02-19,Minus optio architecto officia accusamus in.,12475.94,,GBP,11042.94,,,1,N,0,BACS,,202511,,INV90584,,PO6780,,S1,,0,,,,RULE1,,2026-05-05,T,
HOC,CHOC0074,AR536802,1,DINV,2024-01-19,2024-01-19,2024-04-18,Autem vero odio repudiandae provident ipsa quasi.,33576.64,,GBP,19515.16,,,1,N,0,BACS,,202401,,INV78951,,PO9914,,S1,,2,,,,RULE1,,2026-05-05,T,
HOC,CHOC0065,AR681070,1,DINV,2023-02-11,2023-02-11,2023-04-12,Nulla ullam quo iure repudiandae.,43729.91,,GBP,42206.9,,,1,N,0,INT,,202302,,INV43246,,PO1266,,S1,,0,,,,RULE1,,2026-05-05,T,
HOC,CHOC0009,AR461551,1,PINV,2024-05-08,2024-05-08,2024-08-06,Eaque sequi rerum assumenda sunt doloribus iure nostrum.,33026.67,,GBP,30287.73,,,1,N,0,INT,,202405,,INV27486,,PO1726,,S1,,0,,,,RULE1,,2026-05-05,T,
HOC,CHOC0070,AR454992,1,PINV,2023-12-25,2023-12-25,2024-03-24,Excepturi laudantium eveniet laborum explicabo ea.,23498.83,,GBP,10426.16,,,1,N,0,CHQ,,202312,,INV27675,,PO2033,,S1,,1,,,,RULE1,,2026-05-05,T,
HOC,CHOC0005,AR407696,1,DINV,2024-02-17,2024-02-17,2024-03-18,Sunt praesentium eius ab veniam.,39659.91,,GBP,11555.62,,,1,N,0,INT,,202402,,INV77552,,PO7524,,S1,,2,,,,RULE1,,2026-05-05,T,
HOC,CHOC0061,AR365618,1,SINV,2023-03-16,2023-03-16,2023-06-14,Dolores illo nam dolores.,9959.62,,GBP,7115.36,,,1,N,0,INT,,202303,,INV45811,,PO3039,,S1,,0,,,,RULE1,,2026-05-05,T,
HOC,CHOC0056,AR519453,1,PINV,2025-06-19,2025-06-19,2025-08-18,Officia laudantium recusandae at dolore porro esse.,17282.31,,GBP,14699.4,,,1,N,0,DD,,202506,,INV58148,,PO9507,,S1,,0,,,,RULE1,,2026-05-05,T,
HOC,CHOC0011,AR862400,1,SINV,2025-05-19,2025-05-19,2025-06-18,Fuga mollitia exercitationem voluptatum mollitia explicabo iste esse.,21815.05,,GBP,4448.56,,,1,N,0,INT,,202505,,INV52101,,PO2680,,S1,,0,,,,RULE1,,2026-05-05,T,
HOC,CHOC0042,AR793024,1,SINV,2024-08-28,2024-08-28,2024-10-27,Blanditiis deserunt blanditiis modi quis.,22572.83,,GBP,9613.08,,,1,N,0,DD,,202408,,INV56077,,PO8325,,S1,,0,,,,RULE1,,2026-05-05,T,
HOC,CHOC0046,AR744718,1,SINV,2025-06-09,2025-06-09,2025-08-08,Deleniti qui eius nihil.,32153.73,,GBP,11794.56,,,1,N,0,BACS,,202506,,INV97973,,PO7655,,S1,,0,,,,RULE1,,2026-05-05,T,
HOC,CHOC0066,AR940010,1,DINV,2023-11-24,2023-11-24,2023-12-24,Nisi voluptatem rerum eos facere esse provident.,7567.58,,GBP,3889.29,,,1,N,0,BACS,,202311,,INV26545,,PO2101,,S1,,0,,,,RULE1,,2026-05-05,T,
HOC,CHOC0047,AR479742,1,DINV,2025-02-23,2025-02-23,2025-05-24,Earum voluptate mollitia possimus.,2103.07,,GBP,1844.92,,,1,N,0,INT,,202502,,INV58760,,PO8273,,S1,,0,,,,RULE1,,2026-05-05,T,
HOC,CHOC0074,AR244383,1,SINV,2025-12-20,2025-12-20,2026-02-18,Odit quidem aut accusamus.,20202.69,,GBP,9704.39,,,1,N,0,BACS,,202512,,INV13396,,PO4048,,S1,,1,,,,RULE1,,2026-05-05,T,
HOC,CHOC0067,AR505785,1,DINV,2026-02-24,2026-02-24,2026-03-26,Iusto ipsam delectus amet velit.,13457.95,,GBP,10655.58,,,1,N,0,CHQ,,202602,,INV90199,,PO5678,,S1,,1,,,,RULE1,,2026-05-05,T,
HOC,CHOC0026,AR228594,1,DINV,2023-10-05,2023-10-05,2023-11-04,Beatae aperiam laudantium neque placeat corrupti repellat.,22876.11,,GBP,6429.49,,,1,N,0,BACS,,202310,,INV99381,,PO6236,,S1,,0,,,,RULE1,,2026-05-05,T,
HOC,CHOC0009,AR676713,1,PINV,2026-01-15,2026-01-15,2026-03-16,Assumenda dolorum nam impedit nisi.,44620.92,,GBP,14230.07,,,1,N,0,CHQ,,202601,,INV57381,,PO9335,,S1,,0,,,,RULE1,,2026-05-05,T,
HOC,CHOC0016,AR310743,1,PINV,2023-10-12,2023-10-12,2023-11-11,Dolorem minima ipsum ipsam similique voluptatibus esse numquam.,39623.47,,GBP,38790.3,,,1,N,0,INT,,202310,,INV71263,,PO3126,,S1,,2,,,,RULE1,,2026-05-05,T,
HOC,CHOC0012,AR168941,1,PINV,2024-09-25,2024-09-25,2024-11-24,Vero aut quis numquam eaque aspernatur dolores mollitia.,49979.95,,GBP,21236.69,,,1,N,0,DD,,202409,,INV63665,,PO2208,,S1,,0,,,,RULE1,,2026-05-05,T,
HOC,CHOC0041,AR773540,1,SINV,2023-06-01,2023-06-01,2023-07-31,A ipsum nisi eos.,23558.74,,GBP,13808.06,,,1,N,0,CHQ,,202306,,INV26912,,PO8088,,S1,,2,,,,RULE1,,2026-05-05,T,
HOC,CHOC0008,AR971776,1,DINV,2023-09-12,2023-09-12,2023-12-11,Enim eligendi similique architecto doloremque.,8074.27,,GBP,7010.68,,,1,N,0,CHQ,,202309,,INV55353,,PO9501,,S1,,0,,,,RULE1,,2026-05-05,T,
HOC,CHOC0011,AR362778,1,PINV,2024-02-07,2024-02-07,2024-05-07,Ratione numquam optio ut incidunt.,47839.41,,GBP,37335.75,,,1,N,0,INT,,202402,,INV90534,,PO9740,,S1,,0,,,,RULE1,,2026-05-05,T,
HOC,CHOC0065,AR772124,1,PINV,2023-12-12,2023-12-12,2024-03-11,Dolore corrupti eaque consequuntur animi recusandae nisi.,47109.55,,GBP,41298.33,,,1,N,0,INT,,202312,,INV83874,,PO1674,,S1,,0,,,,RULE1,,2026-05-05,T,
HOC,CHOC0011,AR147670,1,DINV,2026-03-27,2026-03-27,2026-05-26,Ullam ipsa iusto esse illo earum molestiae.,32730.93,,GBP,12648.3,,,1,N,0,BACS,,202603,,INV75278,,PO9938,,S1,,0,,,,RULE1,,2026-05-05,T,
HOC,CHOC0039,AR606404,1,PINV,2024-05-16,2024-05-16,2024-08-14,Aspernatur aliquam inventore eum dolorum at.,20601.58,,GBP,13126.6,,,1,N,0,BACS,,202405,,INV30719,,PO8202,,S1,,1,,,,RULE1,,2026-05-05,T,
HOC,CHOC0062,AR587002,1,PINV,2024-02-22,2024-02-22,2024-04-22,Nesciunt accusantium quisquam reprehenderit nemo quis cupiditate.,30529.68,,GBP,22895.25,,,1,N,0,INT,,202402,,INV55268,,PO7532,,S1,,0,,,,RULE1,,2026-05-05,T,
HOC,CHOC0048,AR639995,1,DINV,2026-02-24,2026-02-24,2026-03-26,Officiis totam delectus nesciunt odio laudantium at.,16296.24,,GBP,10214.84,,,1,N,0,DD,,202602,,INV42495,,PO3308,,S1,,0,,,,RULE1,,2026-05-05,T,
HOC,CHOC0007,AR404309,1,SINV,2025-02-25,2025-02-25,2025-05-26,Illum eum autem cum illum libero.,21197.67,,GBP,4872.31,,,1,N,0,INT,,202502,,INV85718,,PO6123,,S1,,0,,,,RULE1,,2026-05-05,T,
HOC,CHOC0021,AR622469,1,SINV,2025-11-20,2025-11-20,2026-01-19,Repellendus mollitia iste et eum voluptas.,25188.61,,GBP,18971.25,,,1,N,0,BACS,,202511,,INV61543,,PO9281,,S1,,1,,,,RULE1,,2026-05-05,T,
HOC,CHOC0031,AR325595,1,PINV,2026-04-09,2026-04-09,2026-06-08,Sint repudiandae a sit iure amet.,2908.58,,GBP,2253.9,,,1,N,0,DD,,202604,,INV47453,,PO9793,,S1,,0,,,,RULE1,,2026-05-05,T,
HOC,CHOC0014,AR551860,1,DINV,2023-10-02,2023-10-02,2023-12-01,Facere quidem numquam quis dignissimos molestias unde.,36511.65,,GBP,14199.91,,,1,N,0,BACS,,202310,,INV62505,,PO1838,,S1,,2,,,,RULE1,,2026-05-05,T,
HOC,CHOC0072,AR304110,1,DINV,2025-01-12,2025-01-12,2025-04-12,Sunt laborum adipisci occaecati reiciendis quae.,14785.78,,GBP,10215.81,,,1,N,0,INT,,202501,,INV91689,,PO2946,,S1,,0,,,,RULE1,,2026-05-05,T,
HOC,CHOC0013,AR513037,1,SINV,2025-02-03,2025-02-03,2025-04-04,Mollitia mollitia at voluptatibus totam.,28112.68,,GBP,19890.14,,,1,N,0,CHQ,,202502,,INV88966,,PO9341,,S1,,1,,,,RULE1,,2026-05-05,T,
HOC,CHOC0065,AR142210,1,DINV,2023-04-03,2023-04-03,2023-05-03,Veniam officia culpa ut eos provident impedit.,7283.3,,GBP,5342.79,,,1,N,0,DD,,202304,,INV29521,,PO9446,,S1,,0,,,,RULE1,,2026-05-05,T,
HOC,CHOC0042,AR742848,1,DINV,2024-10-14,2024-10-14,2024-11-13,Voluptatem doloribus mollitia fugit ullam magni sunt.,19951.25,,GBP,10111.29,,,1,N,0,INT,,202410,,INV76494,,PO9351,,S1,,2,,,,RULE1,,2026-05-05,T,
HOC,CHOC0063,AR843167,1,DINV,2026-02-26,2026-02-26,2026-04-27,Eius ratione impedit vel.,24007.18,,GBP,23687.65,,,1,N,0,BACS,,202602,,INV64596,,PO6040,,S1,,0,,,,RULE1,,2026-05-05,T,
HOC,CHOC0077,AR597643,1,PINV,2024-06-27,2024-06-27,2024-09-25,Eaque a quas saepe neque optio sint.,39253.75,,GBP,14879.93,,,1,N,0,CHQ,,202406,,INV16731,,PO8871,,S1,,0,,,,RULE1,,2026-05-05,T,
HOC,CHOC0068,AR759580,1,PINV,2025-02-17,2025-02-17,2025-03-19,Molestiae exercitationem mollitia molestiae iste eum deleniti.,41172.23,,GBP,33194.81,,,1,N,0,BACS,,202502,,INV35006,,PO1310,,S1,,1,,,,RULE1,,2026-05-05,T,
HOC,CHOC0041,AR539122,1,PINV,2023-11-07,2023-11-07,2024-01-06,Nemo doloremque quod aliquam quia.,34679.76,,GBP,23294.33,,,1,N,0,DD,,202311,,INV18163,,PO3262,,S1,,2,,,,RULE1,,2026-05-05,T,
HOC,CHOC0027,AR688132,1,SINV,2024-10-27,2024-10-27,2025-01-25,Harum optio reprehenderit voluptatem libero alias.,24179.36,,GBP,16890.25,,,1,N,0,DD,,202410,,INV79878,,PO6608,,S1,,2,,,,RULE1,,2026-05-05,T,
HOC,CHOC0046,AR808699,1,DINV,2024-06-25,2024-06-25,2024-09-23,Vitae ex aut sapiente aut tenetur accusamus.,24466.92,,GBP,5728.44,,,1,N,0,INT,,202406,,INV39473,,PO5876,,S1,,0,,,,RULE1,,2026-05-05,T,
HOC,CHOC0027,AR823769,1,PINV,2025-09-28,2025-09-28,2025-11-27,Illum omnis culpa iusto.,24250.27,,GBP,13376.69,,,1,N,0,INT,,202509,,INV47721,,PO2996,,S1,,2,,,,RULE1,,2026-05-05,T,
HOC,CHOC0070,AR498138,1,DINV,2025-03-19,2025-03-19,2025-05-18,Excepturi possimus officiis sequi sequi.,47753.14,,GBP,17014.79,,,1,N,0,BACS,,202503,,INV47700,,PO2294,,S1,,0,,,,RULE1,,2026-05-05,T,
HOC,CHOC0057,AR787836,1,PINV,2024-06-09,2024-06-09,2024-09-07,Fugit et quaerat quis sit alias architecto.,24214.42,,GBP,20300.05,,,1,N,0,INT,,202406,,INV83664,,PO5450,,S1,,0,,,,RULE1,,2026-05-05,T,
HOC,CHOC0014,AR745584,1,PINV,2026-04-16,2026-04-16,2026-05-16,Placeat enim dolorem at voluptatem quis provident aut.,12501.67,,GBP,5802.44,,,1,N,0,CHQ,,202604,,INV93616,,PO4814,,S1,,0,,,,RULE1,,2026-05-05,T,
HOC,CHOC0013,AR533377,1,SINV,2024-11-07,2024-11-07,2025-02-05,Possimus temporibus aliquid recusandae.,23883.99,,GBP,10868.32,,,1,N,0,BACS,,202411,,INV82135,,PO3587,,S1,,1,,,,RULE1,,2026-05-05,T,
HOC,CHOC0061,AR600641,1,SINV,2024-02-13,2024-02-13,2024-04-13,Facere inventore doloribus illum placeat.,16397.8,,GBP,7924.76,,,1,N,0,CHQ,,202402,,INV80143,,PO1611,,S1,,0,,,,RULE1,,2026-05-05,T,
HOC,CHOC0054,AR978292,1,DINV,2023-12-27,2023-12-27,2024-01-26,Cumque aspernatur sit nulla.,49860.0,,GBP,34024.68,,,1,N,0,CHQ,,202312,,INV47941,,PO1613,,S1,,0,,,,RULE1,,2026-05-05,T,
HOC,CHOC0039,AR695551,1,PINV,2023-08-08,2023-08-08,2023-10-07,Libero nesciunt doloremque odit itaque.,14585.8,,GBP,3044.35,,,1,N,0,DD,,202308,,INV27589,,PO9261,,S1,,1,,,,RULE1,,2026-05-05,T,
HOC,CHOC0035,AR302177,1,DINV,2023-08-19,2023-08-19,2023-10-18,Tempore iure enim.,8543.47,,GBP,5406.89,,,1,N,0,CHQ,,202308,,INV11846,,PO6523,,S1,,0,,,,RULE1,,2026-05-05,T,
HOC,CHOC0073,AR807160,1,DINV,2024-01-31,2024-01-31,2024-03-01,Culpa ipsam exercitationem nesciunt odit incidunt dolorum.,30742.25,,GBP,15033.56,,,1,N,0,DD,,202401,,INV77538,,PO6372,,S1,,0,,,,RULE1,,2026-05-05,T,
HOC,CHOC0052,AR801765,1,SINV,2023-07-15,2023-07-15,2023-08-14,Dicta harum laboriosam dolores nemo.,49093.42,,GBP,30341.54,,,1,N,0,BACS,,202307,,INV44181,,PO7284,,S1,,0,,,,RULE1,,2026-05-05,T,
HOC,CHOC0058,AR890371,1,SINV,2024-06-30,2024-06-30,2024-08-29,Eos praesentium accusantium rerum id ab sint.,15446.32,,GBP,6513.62,,,1,N,0,INT,,202406,,INV95679,,PO6890,,S1,,0,,,,RULE1,,2026-05-05,T,
HOC,CHOC0008,AR800224,1,PINV,2023-08-31,2023-08-31,2023-10-30,Tenetur quia rerum.,15686.91,,GBP,10599.12,,,1,N,0,INT,,202308,,INV25389,,PO5833,,S1,,0,,,,RULE1,,2026-05-05,T,
HOC,CHOC0079,AR331577,1,PINV,2024-03-24,2024-03-24,2024-04-23,Quod dolorem reiciendis dolor deleniti.,24170.0,,GBP,15372.53,,,1,N,0,INT,,202403,,INV64505,,PO9998,,S1,,1,,,,RULE1,,2026-05-05,T,
HOC,CHOC0069,AR940952,1,SINV,2024-03-23,2024-03-23,2024-04-22,Perspiciatis quam omnis saepe occaecati.,34176.93,,GBP,17886.44,,,1,N,0,DD,,202403,,INV79228,,PO6927,,S1,,0,,,,RULE1,,2026-05-05,T,
HOC,CHOC0073,AR217659,1,PINV,2023-05-07,2023-05-07,2023-08-05,Officia est ipsam neque quasi at eos quibusdam.,45192.96,,GBP,37884.11,,,1,N,0,CHQ,,202305,,INV31566,,PO6375,,S1,,2,,,,RULE1,,2026-05-05,T,
HOC,CHOC0057,AR221886,1,PINV,2024-02-25,2024-02-25,2024-05-25,Dicta ratione soluta facilis.,29365.81,,GBP,27229.35,,,1,N,0,DD,,202402,,INV17292,,PO8429,,S1,,0,,,,RULE1,,2026-05-05,T,
HOC,CHOC0066,AR535604,1,DINV,2025-07-24,2025-07-24,2025-10-22,Totam rerum ducimus repudiandae laboriosam rem quia.,3357.97,,GBP,2115.85,,,1,N,0,BACS,,202507,,INV61897,,PO5169,,S1,,0,,,,RULE1,,2026-05-05,T,
HOC,CHOC0028,AR706403,1,PINV,2023-05-30,2023-05-30,2023-06-29,Rem iusto asperiores quidem dolorem perspiciatis.,21473.02,,GBP,9441.52,,,1,N,0,BACS,,202305,,INV19046,,PO8734,,S1,,0,,,,RULE1,,2026-05-05,T,
HOC,CHOC0037,AR528728,1,PINV,2024-01-04,2024-01-04,2024-02-03,Voluptas rem facilis ratione accusamus modi.,38408.47,,GBP,8347.44,,,1,N,0,DD,,202401,,INV59081,,PO7266,,S1,,1,,,,RULE1,,2026-05-05,T,
HOC,CHOC0049,AR493892,1,SINV,2023-06-14,2023-06-14,2023-09-12,Fuga quibusdam ea fugit odit fuga perferendis.,48225.15,,GBP,14484.76,,,1,N,0,INT,,202306,,INV25549,,PO3924,,S1,,2,,,,RULE1,,2026-05-05,T,
HOC,CHOC0051,AR654531,1,SINV,2023-09-18,2023-09-18,2023-12-17,Ad sunt natus totam dolore aperiam reprehenderit.,48946.86,,GBP,16257.34,,,1,N,0,INT,,202309,,INV70686,,PO9920,,S1,,1,,,,RULE1,,2026-05-05,T,
HOC,CHOC0069,AR497700,1,SINV,2024-04-15,2024-04-15,2024-05-15,Officiis blanditiis aliquid alias voluptatum.,23300.95,,GBP,20409.37,,,1,N,0,BACS,,202404,,INV14222,,PO7868,,S1,,2,,,,RULE1,,2026-05-05,T,
HOC,CHOC0003,AR352356,1,PINV,2024-02-27,2024-02-27,2024-03-28,Atque suscipit consequatur iste.,5494.39,,GBP,5346.81,,,1,N,0,BACS,,202402,,INV42077,,PO1724,,S1,,1,,,,RULE1,,2026-05-05,T,
HOC,CHOC0057,AR345722,1,SINV,2026-01-10,2026-01-10,2026-02-09,In quia culpa impedit aut laudantium illum.,37842.09,,GBP,14347.79,,,1,N,0,INT,,202601,,INV40692,,PO6224,,S1,,2,,,,RULE1,,2026-05-05,T,
HOC,CHOC0077,AR910065,1,PINV,2024-10-18,2024-10-18,2024-11-17,Adipisci fuga ipsam veritatis sequi.,15437.34,,GBP,13668.09,,,1,N,0,CHQ,,202410,,INV64206,,PO5923,,S1,,0,,,,RULE1,,2026-05-05,T,
HOC,CHOC0008,AR683761,1,DINV,2026-04-26,2026-04-26,2026-07-25,Voluptatem facilis temporibus officia.,45623.09,,GBP,22775.3,,,1,N,0,DD,,202604,,INV16145,,PO6642,,S1,,1,,,,RULE1,,2026-05-05,T,
HOC,CHOC0068,AR434217,1,PINV,2025-05-02,2025-05-02,2025-07-01,Id deleniti commodi sed.,7886.27,,GBP,5511.18,,,1,N,0,DD,,202505,,INV41584,,PO4692,,S1,,0,,,,RULE1,,2026-05-05,T,
HOC,CHOC0019,AR944917,1,PINV,2025-08-06,2025-08-06,2025-09-05,At distinctio odit voluptas amet ex voluptates.,28338.1,,GBP,6397.92,,,1,N,0,CHQ,,202508,,INV60910,,PO4978,,S1,,0,,,,RULE1,,2026-05-05,T,
HOC,CHOC0027,AR446305,1,PINV,2023-06-11,2023-06-11,2023-08-10,Dignissimos rerum mollitia nesciunt repellat doloremque quo.,42433.1,,GBP,39294.27,,,1,N,0,CHQ,,202306,,INV16755,,PO5398,,S1,,1,,,,RULE1,,2026-05-05,T,
HOC,CHOC0078,AR732209,1,PINV,2023-03-22,2023-03-22,2023-04-21,A similique corporis consectetur dolorum cupiditate optio ad.,9814.08,,GBP,3833.8,,,1,N,0,CHQ,,202303,,INV72835,,PO4422,,S1,,0,,,,RULE1,,2026-05-05,T,
HOC,CHOC0039,AR116078,1,DINV,2024-03-09,2024-03-09,2024-04-08,Facere ratione nihil.,48122.84,,GBP,43606.37,,,1,N,0,CHQ,,202403,,INV89220,,PO4350,,S1,,1,,,,RULE1,,2026-05-05,T,
HOC,CHOC0031,AR678897,1,DINV,2024-10-20,2024-10-20,2024-12-19,Cupiditate amet qui.,19342.76,,GBP,11084.95,,,1,N,0,INT,,202410,,INV44283,,PO6892,,S1,,2,,,,RULE1,,2026-05-05,T,
HOC,CHOC0064,AR588640,1,SINV,2023-07-21,2023-07-21,2023-10-19,Beatae aperiam ipsum facere nisi iste dolore.,23739.78,,GBP,7791.75,,,1,N,0,INT,,202307,,INV51015,,PO7781,,S1,,0,,,,RULE1,,2026-05-05,T,
HOC,CHOC0073,AR332022,1,PINV,2023-10-26,2023-10-26,2023-11-25,Aliquam quos sint maxime itaque vitae aperiam laboriosam.,13408.32,,GBP,3381.49,,,1,N,0,DD,,202310,,INV48691,,PO3497,,S1,,0,,,,RULE1,,2026-05-05,T,
HOC,CHOC0043,AR341192,1,PINV,2025-02-16,2025-02-16,2025-05-17,Incidunt autem quae ipsam tempore eum.,41751.45,,GBP,25074.2,,,1,N,0,INT,,202502,,INV43728,,PO9005,,S1,,1,,,,RULE1,,2026-05-05,T,
HOC,CHOC0059,AR276405,1,SINV,2024-12-22,2024-12-22,2025-01-21,Aperiam eius odio molestias.,7427.95,,GBP,4180.17,,,1,N,0,BACS,,202412,,INV78674,,PO1554,,S1,,0,,,,RULE1,,2026-05-05,T,
HOC,CHOC0007,AR901467,1,SINV,2023-01-14,2023-01-14,2023-03-15,Fugit nisi eos magni inventore recusandae.,7305.83,,GBP,3619.59,,,1,N,0,CHQ,,202301,,INV11198,,PO4583,,S1,,2,,,,RULE1,,2026-05-05,T,
HOC,CHOC0059,AR491329,1,DINV,2023-05-04,2023-05-04,2023-08-02,Sequi officiis quisquam quam.,32067.57,,GBP,8109.15,,,1,N,0,DD,,202305,,INV12061,,PO1108,,S1,,2,,,,RULE1,,2026-05-05,T,
HOC,CHOC0071,AR531319,1,DINV,2023-01-25,2023-01-25,2023-02-24,Inventore suscipit impedit repudiandae id.,26706.17,,GBP,20836.35,,,1,N,0,BACS,,202301,,INV75826,,PO8054,,S1,,0,,,,RULE1,,2026-05-05,T,
HOC,CHOC0014,AR200992,1,DINV,2025-12-09,2025-12-09,2026-01-08,Est est ducimus veritatis.,12427.96,,GBP,6265.87,,,1,N,0,INT,,202512,,INV45038,,PO7502,,S1,,0,,,,RULE1,,2026-05-05,T,
HOC,CHOC0048,AR525750,1,DINV,2025-07-29,2025-07-29,2025-10-27,Architecto rerum at atque qui repellat nam.,12538.79,,GBP,5544.79,,,1,N,0,BACS,,202507,,INV95686,,PO1519,,S1,,0,,,,RULE1,,2026-05-05,T,
HOC,CHOC0052,AR497687,1,PINV,2025-02-11,2025-02-11,2025-05-12,Vero natus pariatur illum sit velit in totam.,24062.25,,GBP,11804.98,,,1,N,0,CHQ,,202502,,INV20837,,PO9189,,S1,,1,,,,RULE1,,2026-05-05,T,
HOC,CHOC0043,AR693343,1,PINV,2023-07-15,2023-07-15,2023-10-13,Voluptas nobis expedita.,45998.03,,GBP,37542.99,,,1,N,0,DD,,202307,,INV45532,,PO1762,,S1,,0,,,,RULE1,,2026-05-05,T,
HOC,CHOC0036,AR669408,1,DINV,2026-02-28,2026-02-28,2026-05-29,Magni culpa laboriosam sed expedita nam beatae.,2128.64,,GBP,547.03,,,1,N,0,BACS,,202602,,INV37152,,PO3362,,S1,,1,,,,RULE1,,2026-05-05,T,
HOC,CHOC0010,AR413814,1,DINV,2023-11-29,2023-11-29,2024-02-27,Nemo rem sapiente voluptate repellendus.,12403.37,,GBP,4121.39,,,1,N,0,INT,,202311,,INV60311,,PO3292,,S1,,0,,,,RULE1,,2026-05-05,T,
HOC,CHOC0065,AR881667,1,SINV,2024-12-09,2024-12-09,2025-01-08,Perferendis nam non omnis possimus adipisci earum quis.,5335.45,,GBP,4344.58,,,1,N,0,INT,,202412,,INV89320,,PO7499,,S1,,0,,,,RULE1,,2026-05-05,T,
HOC,CHOC0004,AR764926,1,DRCT,2024-07-13,2024-07-13,,Expedita delectus corporis omnis architecto qui.,8020.94,,GBP,8020.94,,,1,N,1,DD,,202407,,,,PO7227,,S1,,0,,,,RULE1,,2026-05-05,T,UNAPPLIED_RECEIPT_SEQ18
HOC,CHOC0010,AR186023,1,SRCT,2024-07-02,2024-07-02,,At minus fugiat.,250.91,,GBP,250.91,,,1,N,1,DD,,202407,,,,PO6909,,S1,,0,,,,RULE1,,2026-05-05,T,UNAPPLIED_RECEIPT_SEQ18
HOC,CHOC0040,AR566339,1,SRCT,2025-01-07,2025-01-07,,Exercitationem fuga quam quod necessitatibus assumenda amet.,457.37,,GBP,457.37,,,1,N,1,DD,,202501,,,,PO9395,,S1,,1,,,,RULE1,,2026-05-05,T,UNAPPLIED_RECEIPT_SEQ18
HOC,CHOC0046,AR681141,1,SRCT,2023-07-10,2023-07-10,,Quidem amet aspernatur ipsam.,7303.47,,GBP,7303.47,,,1,N,1,BACS,,202307,,,,PO7779,,S1,,1,,,,RULE1,,2026-05-05,T,UNAPPLIED_RECEIPT_SEQ18
HOC,CHOC0072,AR354533,1,SRCT,2026-03-17,2026-03-17,,Laborum ipsam earum quidem beatae inventore.,820.02,,GBP,820.02,,,1,N,1,INT,,202603,,,,PO5397,,S1,,1,,,,RULE1,,2026-05-05,T,UNAPPLIED_RECEIPT_SEQ18
HOC,CHOC0056,AR389366,1,SRCT,2025-05-12,2025-05-12,,Perspiciatis nihil minima est dolore.,4687.04,,GBP,4687.04,,,1,N,1,CHQ,,202505,,,,PO9123,,S1,,2,,,,RULE1,,2026-05-05,T,UNAPPLIED_RECEIPT_SEQ18
HOC,CHOC0018,AR419457,1,SRCT,2023-01-14,2023-01-14,,Amet dignissimos veniam quisquam quisquam enim blanditiis libero.,3144.27,,GBP,3144.27,,,1,N,1,DD,,202301,,,,PO8055,,S1,,2,,,,RULE1,,2026-05-05,T,UNAPPLIED_RECEIPT_SEQ18
HOC,CHOC0078,AR829066,1,SRCT,2024-02-16,2024-02-16,,Cupiditate fugit provident magnam rerum rem.,3393.69,,GBP,3393.69,,,1,N,1,INT,,202402,,,,PO9044,,S1,,2,,,,RULE1,,2026-05-05,T,UNAPPLIED_RECEIPT_SEQ18
HOC,CHOC0036,AR956156,1,PINV,2025-03-15,2025-03-15,,Id quia ipsa itaque.,6137.45,,GBP,3368.97,,,1,N,0,CHQ,,202503,,INV99353,,PO1440,,S1,,1,,,,RULE1,,2026-05-05,T,AR_DUE_DATE_MISSING
HOC,CHOC0036,AR842776,1,SINV,2024-03-05,2024-03-05,2024-05-04,Similique nemo nemo quae.,39985.43,,GBP,13394.1,,,1,N,0,DD,,202403,,,,PO9180,,S1,,0,,,,RULE1,,2026-05-05,T,AR_EXT_REF_MISSING
HOC,CHOC0036,AR764100,1,DINV,2024-09-12,2024-09-12,2024-10-12,Enim illo vitae cupiditate veniam itaque.,,,GBP,11403.7,,,1,N,0,DD,,202409,,INV19694,,PO8357,,S1,,2,,,,RULE1,,2026-05-05,T,AR_AMOUNT_MISSING
HOC,CHOC0036,AR602514,1,PINV,2026-04-07,2026-04-07,2026-06-06,At sapiente doloribus nihil minima id.,26951.19,,GBP,7039.74,,,1,N,0,DD,,202604,,INV81256,,,,S1,,0,,,,RULE1,,2026-05-05,T,AR_PO_CONTRACT_MISSING
HOC,CHOC0036,AR835716,1,SINV,2026-01-04,2026-01-04,2026-04-04,Quia dolore quod asperiores odio.,32089.93,1200.0,USD,29908.28,,,1,N,0,INT,,202601,,INV31802,,PO1725,,S1,,2,,,,RULE1,,2026-05-05,T,AR_FX_NO_RATE
HOC,CHOC0036,AR776364,1,SCRN,2025-03-29,2025-03-29,2025-05-28,Magni temporibus expedita quas reprehenderit repellendus dolores.,-946.98,,GBP,-946.98,,,1,N,0,BACS,,202503,,INV43913,,PO4637,,S1,,2,,,,RULE1,,2026-05-05,T,AR_CN_NO_REF
HOC,CHOC0036,AR510133,1,SINV,2025-08-06,2025-08-06,2025-11-04,Ducimus cupiditate corrupti quis.,-1500.0,,GBP,17770.08,,,1,N,0,BACS,,202508,,INV73277,,PO2712,,S1,,0,,,,RULE1,,2026-05-05,T,AR_NEG_INV
HOC,CHOC0036,AR536181,1,DINV,2023-06-25,2023-06-25,2023-07-25,Debitis quo laudantium quidem.,41650.23,,EUR,17321.47,,,1,N,0,INT,,202306,,INV54966,,PO8460,,S1,1.17,0,,,,RULE1,,2026-05-05,T,AR_FX_NO_CUR_AMT
HOC,CHOC0036,AR646428,1,PINV,2025-09-16,2025-09-16,2025-11-15,Ipsum unde natus odio numquam sint occaecati corrupti.,24070.05,,GBP,0.0,,,1,N,0,DD,,202509,,INV51800,,PO2100,,S1,,0,,,,RULE1,,2026-05-05,T,AR_REST_ZERO
HOC,CHOC0036,AR146853,1,PINV,2023-08-24,2023-08-24,2023-09-23,Iusto occaecati recusandae nihil.,1000.0,,GBP,1500.0,,,1,N,0,CHQ,,202308,,INV41970,,PO9454,,S1,,0,,,,RULE1,,2026-05-05,T,AR_REST_OVER_AMT
HOC,CHOC0036,AR678719,1,SINV,2023-11-24,2023-11-24,2025-12-01,Magni est iste animi rerum asperiores.,28212.52,,GBP,8213.86,,,1,N,0,DD,,202311,,INV92543,,PO4022,,S1,,0,,,,RULE1,,2026-05-05,T,AR_OVERDUE
HOC,CHOC0036,AR873207,1,PINV,2024-02-09,2024-02-09,2024-04-09,Nostrum magni iure mollitia.,29814.06,,GBP,20539.84,,,1,N,0,CHQ,,202402,,INV36972,,PO5560,,S1,,0,,,,RULE1,,2026-05-05,W,AR_WF_STUCK
HOC,CHOC0036,AR206694,1,SINV,2026-01-04,2026-01-04,2026-02-03,Ipsum repellat officiis.,18606.75,,GBP,15673.22,,,1,N,0,INT,,202601,,INV85674,,PO9019,,S1,,2,,,,RULE1,,2026-05-05,T,AR_EXT_REF_DUP
HOC,CHOC0036,AR770153,1,SINV,2024-10-03,2024-10-03,2025-01-01,Non magnam vero ipsum repellat saepe.,19737.64,,GBP,13539.33,,,1,N,0,INT,,202410,,INV85674,,PO8501,,S1,,2,,,,RULE1,,2026-05-05,T,AR_EXT_REF_DUP
HOC,CHOC0023,AR953266,1,SCRN,2024-09-01,2024-09-01,2024-11-30,Magnam cupiditate dolorum ipsa.,-8733.06,,GBP,-8733.06,,,1,N,0,BACS,,202409,,INV41270,AR365618,PO6003,,S1,,0,,,,RULE1,,2026-05-05,T,AR_NET_NEGATIVE_CUST
HOC,CHOC0023,AR635638,1,SCRN,2025-03-06,2025-03-06,2025-05-05,Minima non facilis ullam harum quo.,-9896.42,,GBP,-9896.42,,,1,N,0,CHQ,,202503,,INV73788,AR407696,PO9804,,S1,,0,,,,RULE1,,2026-05-05,T,AR_NET_NEGATIVE_CUST
HOC,CHOC0036,AR296187,1,DCRN,2024-10-06,2024-10-06,2024-12-05,Amet occaecati ex ex nam harum dolorum sed.,-263.65,,GBP,-263.65,,,1,N,0,DD,,202410,,INV27895,ARXXXXXXCLOSED,PO4196,,S1,,1,,,,RULE1,,2026-05-05,T,AR_ORPHANED_CREDITS
HOC,CHOC0036,AR615611,1,SINV,2025-05-01,2025-05-01,2025-07-30,Sit ex nesciunt consequuntur expedita voluptas praesentium hic.,42074.64,,GBP,25625.16,,,1,N,0,BACS,,202505,,INV38905,,PO5785,,S1,,0,,REFERRED,DEBTCO,RULE1,,2026-05-05,T,AR_IN_COLLECTION
HOC,CHOC0036,AR388204,1,PINV,2024-04-05,2024-04-05,2024-07-04,Quae assumenda nam officia eveniet consectetur praesentium veniam.,14789.18,,GBP,5551.97,,,1,N,0,DD,,202404,,INV82053,,PO9369,,S1,,4,,,,RULE1,,2026-05-05,T,AR_HIGH_REMINDER
HOC,CGHOST9999,AR700534,1,DINV,2023-08-22,2023-08-22,2023-10-21,Atque perferendis magni accusantium est veritatis exercitationem.,38868.09,,GBP,13268.55,,,1,N,0,BACS,,202308,,INV67850,,PO9951,,S1,,0,,,,RULE1,,2026-05-05,T,AR_ORPHANED_TRANS
HOC,CHOC0083,AR545807,1,DINV,2023-07-29,2023-07-29,2023-10-27,Deleniti voluptatum culpa eos ratione magni molestiae.,41588.5,,GBP,16590.63,,,1,N,0,BACS,,202307,,INV68947,,PO5305,,S1,,0,,,,RULE1,,2026-05-05,T,AR_TRANS_CUST_CLOSED
