client,apar_id,voucher_no,sequence_no,voucher_type,voucher_date,trans_date,due_date,description,amount,cur_amount,currency,rest_amount,rest_curr,discount,dc_flag,status,pay_method,payment_date,pay_flag,period,payperiod,ext_inv_ref,orig_reference,order_id,contract_id,tax_code,exch_rate,last_update,wf_state
HOC,EC_M013,10000,1,INVOICE,16/09/2025,27/10/2025,10/12/2025,cultivate holistic platforms,26453.77,26453.77,GBP,24403.13,24403.13,0,D,N,CHAPS,,N,11,5,INV-11846,,PO5833,,S20,1,10/02/2026,W
HOC,SUP0090,10001,1,INVOICE,31/10/2025,18/09/2024,12/12/2025,cultivate value-added networks,41436,41436,GBP,27376.62,27376.62,0,D,N,BACS,,N,5,7,INV-44995,,PO5947,,EX,1,03/03/2026,T
HOL,SUP0085,10002,1,INVOICE,10/07/2025,16/02/2025,05/09/2025,envisioneer collaborative info-mediaries,34792.05,34792.05,GBP,11950.62,11950.62,0,D,P,BACS,,N,11,5,INV-38947,,PO3188,,Z0,1,17/12/2025,T
HOL,SUP0092,10003,1,INVOICE,07/12/2024,14/10/2025,11/09/2025,grow cross-platform ROI,35246.07,35246.07,GBP,33094.57,33094.57,0,D,I,BACS,,N,9,8,INV-57419,,,,S20,1,24/12/2025,W
HOL,SUP0056,10004,1,INVOICE,05/12/2025,19/02/2025,06/10/2025,streamline dot-com info-mediaries,28848.73,28848.73,GBP,11680.75,11680.75,0,D,R,BACS,,N,9,8,INV-69432,,PO7806,,S20,1,23/12/2025,T
HOC,SUP0075,10005,1,INVOICE,12/04/2025,27/12/2025,,embrace innovative interfaces,36302.36,36302.36,GBP,20952.42,20952.42,0,D,P,BACS,,N,9,1,INV-19046,,PO8734,,Z0,1,09/02/2026,T
HOL,SUP0092,10006,1,INVOICE,24/07/2025,25/07/2025,16/09/2025,synthesize intuitive networks,19035.82,21891.19,EUR,17587.83,17587.83,0,D,P,BACS,,N,3,9,INV-26691,,PO4648,CN874,S20,1.2957,04/01/2026,W
HOL,SUP0093,10007,1,INVOICE,14/09/2025,29/10/2025,04/02/2026,whiteboard scalable eyeballs,26830.71,26830.71,GBP,23513.15,23513.15,0,D,N,CHAPS,,N,10,1,INV-18819,,PO1550,,EX,1,04/12/2025,
HOL,SUP0063,10008,1,INVOICE,17/11/2024,01/01/2025,27/10/2025,orchestrate seamless infrastructures,37156.78,37156.78,GBP,21609.85,21609.85,0,D,P,BACS,,N,12,10,INV-88370,,PO6253,,S20,1,10/12/2025,W
HOL,SUP0059,10009,1,INVOICE,22/01/2025,24/10/2024,12/09/2025,incentivize 24/7 schemas,20971.23,20971.23,GBP,10330.59,10330.59,0,D,R,INT,,N,8,1,INV-94320,,PO9592,,Z0,1,11/01/2026,T
HOC,SUP0072,10010,1,INVOICE,02/09/2025,20/11/2024,06/11/2025,engineer next-generation metrics,19134.78,19134.78,GBP,15845.34,15845.34,0,D,N,INT,,N,7,7,INV-27575,,PO5177,,EX,1,22/02/2026,T
HOL,SUP0086,10011,1,INVOICE,23/02/2025,30/03/2025,14/02/2026,expedite magnetic deliverables,5076.97,5076.97,GBP,4098.18,4098.18,0,D,N,INT,,N,12,11,INV-72835,,PO6455,,S20,1,05/02/2026,T
HOC,SUP0037,10012,1,CREDIT,07/02/2025,21/10/2025,02/01/2026,synergize customized systems,-37470.52,37470.52,GBP,-31026.77,31026.77,0,C,I,BACS,,N,5,7,INV-95029,10005,PO6892,,Z0,1,04/01/2026,
HOC,EC_M004,10013,1,INVOICE,10/01/2026,20/04/2025,26/01/2026,monetize cutting-edge content,38200.63,38200.63,GBP,20023.37,20023.37,0,D,N,BACS,,N,9,10,INV-64732,,PO4214,,Z0,1,22/12/2025,T
HOC,EC_M007,10014,1,INVOICE,28/05/2025,26/09/2024,30/10/2025,maximize leading-edge e-business,27756.81,27756.81,GBP,26658.34,26658.34,0,D,R,BACS,,N,12,6,INV-81636,,PO9882,CN160,EX,1,28/02/2026,
HOC,SUP0016,10015,1,INVOICE,05/02/2025,17/11/2025,,extend mission-critical e-tailers,38334.77,38334.77,GBP,22566.7,22566.7,0,D,I,CHAPS,,N,6,1,INV-97392,,PO8916,,S20,1,04/03/2026,W
HOC,EC_M014,10016,1,INVOICE,09/09/2025,25/01/2026,07/09/2025,whiteboard killer portals,20861.26,20861.26,GBP,6502.63,6502.63,0,D,R,BACS,,N,2,2,INV-41584,,PO9625,,Z0,1,29/01/2026,T
HOL,SUP0024,10017,1,INVOICE,10/10/2025,02/09/2025,12/02/2026,repurpose strategic communities,18966.05,21810.96,EUR,11080.33,11080.33,0,D,N,CHAPS,,N,7,7,INV-17355,,PO3807,,Z0,1.229,21/01/2026,W
HOL,SUP0030,10018,1,INVOICE,13/02/2025,05/11/2024,25/12/2025,incentivize virtual schemas,44792.17,51511,EUR,42257.23,42257.23,0,D,N,BACS,,N,9,10,INV-33508,,PO6152,,S20,1.2174,13/01/2026,
HOC,SUP0072,10019,1,INVOICE,31/10/2024,02/05/2025,28/01/2026,optimize granular synergies,8541.29,8541.29,GBP,4000.15,4000.15,0,D,N,INT,,N,12,6,INV-67290,,PO2245,,EX,1,18/12/2025,T
HOL,SUP0078,10020,1,CREDIT,04/08/2025,25/04/2025,14/11/2025,deploy customized metrics,-1966.47,1966.47,GBP,-966.18,966.18,0,C,N,INT,,N,11,7,INV-91083,10009,PO2204,,S20,1,15/01/2026,T
HOL,SUP0088,10021,1,INVOICE,02/08/2025,09/01/2025,30/01/2026,syndicate distributed paradigms,16175.57,16175.57,GBP,6059.14,6059.14,0,D,N,BACS,,N,7,8,INV-77166,,PO1430,,EX,1,21/02/2026,W
HOL,SUP0078,10022,1,INVOICE,27/01/2025,29/10/2024,01/01/2026,enhance front-end technologies,43254.05,43254.05,GBP,13349.86,13349.86,0,D,I,INT,,N,3,11,INV-28198,,PO5397,,S20,1,11/02/2026,T
HOC,SUP0068,10023,1,INVOICE,29/09/2025,29/01/2025,03/10/2025,scale ubiquitous partnerships,21344.57,21344.57,GBP,13638.37,13638.37,0,D,I,BACS,,N,8,2,INV-10887,,PO6443,CN489,Z0,1,07/01/2026,T
HOL,SUP0097,10024,1,CREDIT,22/08/2025,31/03/2025,12/01/2026,innovate bleeding-edge portals,-40866.04,40866.04,GBP,-36847.11,36847.11,0,C,R,BACS,,N,3,7,INV-48200,10023,PO9044,CN900,S20,1,22/01/2026,T
HOC,SUP0068,10025,1,INVOICE,05/04/2025,10/09/2024,11/09/2025,generate 24/365 e-commerce,40916.48,40916.48,GBP,23529.21,23529.21,0,D,I,BACS,,N,12,8,INV-37479,,PO5773,CN170,Z0,1,08/12/2025,T
HOL,SUP0039,10026,1,INVOICE,25/12/2024,24/07/2025,02/10/2025,embrace magnetic experiences,31850.13,31850.13,GBP,14950.92,14950.92,0,D,R,INT,,N,7,9,INV-64827,,PO6890,,EX,1,18/12/2025,
HOL,SUP0035,10027,1,INVOICE,11/01/2026,20/04/2025,12/09/2025,orchestrate real-time eyeballs,38563.23,38563.23,GBP,29320.44,29320.44,0,D,R,BACS,,N,7,2,,,PO9366,,EX,1,20/12/2025,W
HOL,SUP0059,10028,1,INVOICE,22/05/2025,17/11/2025,26/02/2026,optimize leading-edge communities,22566.04,22566.04,GBP,12948.26,12948.26,0,D,R,BACS,,N,5,7,INV-21253,,PO3321,,Z0,1,05/01/2026,T
HOC,EC_M010,10029,1,INVOICE,23/08/2025,30/12/2025,03/02/2026,generate extensible metrics,24404.84,24404.84,GBP,15455.92,15455.92,0,D,N,BACS,,N,11,2,INV-31542,,PO4996,,EX,1,12/02/2026,T
HOC,EC_M015,10030,1,INVOICE,30/10/2025,12/03/2025,23/11/2025,extend front-end systems,21605.28,21605.28,GBP,13469.55,13469.55,0,D,N,INT,,N,4,8,INV-60965,,,,Z0,1,04/12/2025,
HOL,EC_M017,10031,1,INVOICE,13/06/2025,06/12/2025,30/10/2025,embrace plug-and-play content,5536.73,5536.73,GBP,5040.56,5040.56,0,D,I,BACS,,N,10,7,INV-86939,,PO6766,CN732,S20,1,08/12/2025,T
HOC,EC_M019,10032,1,INVOICE,01/11/2025,26/07/2025,25/10/2025,scale wireless niches,4695.22,4695.22,GBP,1848.81,1848.81,0,D,R,CHAPS,,N,10,3,INV-65448,,PO9804,,EX,1,10/02/2026,W
HOL,SUP0044,10033,1,INVOICE,06/01/2026,16/11/2024,02/03/2026,deliver rich systems,24737.28,24737.28,GBP,9850.57,9850.57,0,D,R,BACS,,N,4,7,INV-76248,,PO7703,,Z0,1,04/12/2025,T
HOC,EC_M006,10034,1,INVOICE,17/01/2026,15/09/2025,21/12/2025,evolve revolutionary e-commerce,8779.05,8779.05,GBP,6108.27,6108.27,0,D,N,CHAPS,,N,10,12,INV-74921,,PO2854,,Z0,1,25/12/2025,T
HOC,EC_M013,10035,1,INVOICE,14/09/2024,30/06/2025,18/09/2025,extend world-class metrics,41219.24,41219.24,GBP,13566.38,13566.38,0,D,N,BACS,,N,1,8,INV-21401,,PO2923,,S20,1,06/02/2026,W
HOL,SUP0081,10036,1,INVOICE,28/12/2024,20/10/2025,17/02/2026,morph proactive infrastructures,43121.91,43121.91,GBP,31357.53,31357.53,0,D,I,BACS,,N,9,5,INV-32069,,PO5794,,Z0,1,29/12/2025,
HOL,SUP0039,10037,1,CREDIT,16/11/2024,04/03/2025,30/01/2026,enhance vertical methodologies,-48157.21,55380.79,EUR,-40932.85,40932.85,0,C,N,BACS,,N,4,11,INV-28634,10036,PO7786,,S20,1.2267,21/02/2026,T
HOC,EC_M009,10038,1,CREDIT,29/05/2025,19/08/2025,09/02/2026,transition real-time networks,-37615.22,37615.22,GBP,-29576.57,29576.57,0,C,R,BACS,,N,2,9,INV-66314,10013,PO6289,CN445,EX,1,21/12/2025,T
HOC,EC_M016,10039,1,CREDIT,10/01/2026,14/12/2025,07/11/2025,integrate virtual info-mediaries,-42694.92,42694.92,GBP,-36368.07,36368.07,0,C,N,BACS,,N,3,8,INV-66072,10012,PO3161,CN409,S20,1,28/01/2026,
HOL,SUP0085,10040,1,CREDIT,15/07/2025,19/03/2025,06/09/2025,mesh visionary niches,-12894.27,12894.27,GBP,-7224.54,7224.54,0,C,N,CHAPS,,N,11,2,INV-10142,10013,PO3174,,EX,1,07/12/2025,T
HOC,SUP0005,10041,1,INVOICE,12/02/2025,27/11/2025,05/01/2026,reinvent user-centric functionalities,899.1,1033.96,USD,485.97,485.97,0,D,N,BACS,,N,2,6,INV-49223,,PO3181,,EX,1.1286,27/12/2025,W
HOC,SUP0005,10042,1,INVOICE,15/01/2025,17/11/2025,28/09/2025,transition holistic infrastructures,30710.8,30710.8,GBP,12741.35,12741.35,0,D,R,BACS,,N,2,2,INV-26142,,PO7291,,Z0,1,23/01/2026,T
HOL,SUP0063,10043,1,INVOICE,28/03/2025,10/09/2025,09/09/2025,syndicate cross-media e-markets,14209.9,14209.9,GBP,5100.99,5100.99,0,D,N,BACS,,N,4,9,INV-34726,,PO5842,,S20,1,31/12/2025,T
HOC,SUP0036,10044,1,INVOICE,27/01/2026,15/09/2024,13/12/2025,facilitate world-class web services,12433.55,14298.58,EUR,9283.6,9283.6,0,D,R,INT,,N,7,6,INV-32645,,PO2195,,S20,1.1028,05/02/2026,
HOC,SUP0017,10045,1,INVOICE,06/01/2025,05/07/2025,22/11/2025,transform granular supply-chains,47459.66,47459.66,GBP,27459.33,27459.33,0,D,N,INT,,N,9,10,INV-20957,,PO9377,CN927,S20,1,26/12/2025,T
HOL,SUP0089,10046,1,INVOICE,28/08/2025,10/02/2025,02/01/2026,deploy rich technologies,29528.64,29528.64,GBP,24634.47,24634.47,0,D,N,BACS,,N,2,7,INV-90254,,PO6067,,EX,1,10/02/2026,
HOC,SUP0005,10047,1,INVOICE,11/05/2025,14/05/2025,28/12/2025,repurpose wireless schemas,35541.08,40872.24,EUR,28114.76,28114.76,0,D,P,BACS,,N,12,5,INV-25473,,PO1480,,Z0,1.1544,24/02/2026,T
HOL,EC_M017,10048,1,INVOICE,20/11/2024,18/04/2025,23/01/2026,integrate ubiquitous infrastructures,31562.88,31562.88,GBP,20430.76,20430.76,0,D,P,BACS,,N,10,11,INV-39937,,PO1042,,S20,1,01/02/2026,
HOC,EC_M004,10049,1,INVOICE,15/01/2026,25/04/2025,18/09/2025,harness dot-com vortals,18516.84,21294.37,USD,17482.83,17482.83,0,D,N,BACS,,N,4,7,INV-51934,,PO2276,,S20,1.2004,26/02/2026,T
HOL,SUP0059,10050,1,CREDIT,09/06/2025,16/11/2024,15/12/2025,embrace wireless mindshare,-40314.73,40314.73,GBP,-39790.22,39790.22,0,C,P,BACS,,N,9,8,,10012,PO5979,,S20,1,04/01/2026,T
HOC,EC_M019,10051,1,INVOICE,29/04/2025,09/01/2025,25/01/2026,transition clicks-and-mortar web services,48606.96,48606.96,GBP,48531.67,48531.67,0,D,N,CHAPS,,N,1,4,INV-93354,,PO1157,CN101,EX,1,15/01/2026,T
HOL,SUP0035,10052,1,INVOICE,23/09/2024,10/09/2024,23/12/2025,cultivate plug-and-play e-markets,10657.12,12255.69,EUR,10531.16,10531.16,0,D,N,BACS,,N,9,7,INV-58823,,PO2391,,EX,1.1267,13/01/2026,
HOC,EC_M019,10053,1,CREDIT,22/09/2025,24/11/2024,24/11/2025,streamline dynamic deliverables,-28607.13,28607.13,GBP,-17292.67,17292.67,0,C,P,BACS,,N,8,5,INV-36569,10008,PO2785,,S20,1,06/01/2026,T
HOL,SUP0076,10054,1,CREDIT,29/08/2025,10/06/2025,02/02/2026,disintermediate rich functionalities,-20622.37,20622.37,GBP,-13923.14,13923.14,0,C,N,BACS,,N,11,5,INV-89076,10002,PO6370,,EX,1,01/02/2026,T
HOL,SUP0089,10055,1,INVOICE,18/01/2026,03/10/2024,09/11/2025,grow scalable e-tailers,25916.25,29803.69,EUR,20059.91,20059.91,0,D,N,CHAPS,,N,2,3,INV-18083,,PO4641,,Z0,1.1744,14/12/2025,
HOC,EC_M018,10056,1,INVOICE,24/10/2025,28/10/2024,31/01/2026,empower end-to-end technologies,29512.88,33939.81,EUR,27807.04,27807.04,0,D,P,BACS,,N,1,8,INV-85220,,PO7471,,Z0,1.2366,10/02/2026,T
HOL,SUP0058,10057,1,INVOICE,25/03/2025,22/03/2025,20/09/2025,grow holistic initiatives,45461.06,45461.06,GBP,22388.99,22388.99,0,D,P,CHAPS,,N,7,9,INV-21497,,PO3248,,EX,1,27/12/2025,T
HOC,EC_M013,10058,1,INVOICE,30/04/2025,29/12/2024,11/10/2025,utilize web-enabled communities,39844.89,39844.89,GBP,39549.34,39549.34,0,D,I,BACS,,N,7,5,INV-51795,,PO1480,CN897,Z0,1,25/02/2026,T
HOC,EC_M011,10059,1,INVOICE,29/09/2025,03/03/2025,19/10/2025,monetize value-added schemas,18192.93,18192.93,GBP,12895.01,12895.01,0,D,N,BACS,,N,10,7,INV-32768,,PO6210,CN814,Z0,1,19/12/2025,
HOC,SUP0084,10060,1,INVOICE,15/09/2024,15/12/2024,29/10/2025,deploy e-business e-services,47404.16,47404.16,GBP,32923.35,32923.35,0,D,I,BACS,,N,3,8,,,,,S20,1,27/12/2025,T
HOL,SUP0001,10061,1,INVOICE,04/11/2025,20/10/2024,12/12/2025,e-enable one-to-one bandwidth,16920.83,16920.83,GBP,12350.42,12350.42,0,D,N,BACS,,N,3,10,INV-28566,,PO9622,CN174,Z0,1,04/12/2025,T
HOC,EC_M019,10062,1,INVOICE,05/10/2024,24/06/2025,31/10/2025,embrace B2C models,5501.09,5501.09,GBP,2812.35,2812.35,0,D,P,BACS,,N,12,9,INV-90440,,PO4657,,S20,1,15/01/2026,T
HOL,SUP0071,10063,1,CREDIT,17/07/2025,24/11/2024,10/10/2025,re-contextualize distributed mindshare,-6803.74,7824.3,EUR,-5512.27,5512.27,0,C,N,INT,,N,6,10,INV-84127,10013,PO3304,,S20,1.1476,23/01/2026,T
HOC,SUP0027,10064,1,INVOICE,28/01/2026,20/09/2025,08/09/2025,unleash real-time e-markets,41172.26,41172.26,GBP,31662.18,31662.18,0,D,N,BACS,,N,5,2,INV-16310,,PO7875,CN523,Z0,1,15/01/2026,T
HOC,EC_M013,10065,1,INVOICE,10/01/2025,16/02/2025,09/11/2025,e-enable compelling info-mediaries,19079.7,19079.7,GBP,16793.28,16793.28,0,D,N,BACS,,N,5,1,INV-23726,,,,Z0,1,12/02/2026,
HOC,EC_M014,10066,1,INVOICE,02/11/2024,31/05/2025,14/11/2025,incentivize ubiquitous schemas,47120.79,54188.91,EUR,46396.5,46396.5,0,D,I,CHAPS,,N,3,1,INV-36941,,PO7705,,EX,1.2851,25/12/2025,T
HOC,SUP0070,10067,1,INVOICE,27/05/2025,16/11/2025,04/03/2026,orchestrate integrated solutions,15221.33,15221.33,GBP,5588.38,5588.38,0,D,R,BACS,,N,5,11,INV-72957,,PO1421,,EX,1,26/01/2026,
HOC,EC_M004,10068,1,INVOICE,01/03/2025,20/09/2025,16/10/2025,redefine global partnerships,42266.57,42266.57,GBP,21803.1,21803.1,0,D,R,BACS,,N,6,7,INV-68428,,,,Z0,1,04/02/2026,T
HOC,EC_M016,10069,1,INVOICE,10/08/2025,16/12/2024,05/10/2025,empower next-generation supply-chains,3551.15,3551.15,GBP,2935.25,2935.25,0,D,N,INT,,N,1,7,INV-64870,,PO8779,,S20,1,03/01/2026,T
HOL,SUP0024,10070,1,INVOICE,14/05/2025,20/12/2024,27/09/2025,re-contextualize real-time synergies,20042.82,20042.82,GBP,17993.6,17993.6,0,D,N,BACS,,N,8,3,INV-31910,,PO4157,,Z0,1,22/02/2026,T
HOL,SUP0056,10071,1,INVOICE,24/10/2024,26/01/2025,15/02/2026,envisioneer seamless applications,49864.83,49864.83,GBP,36853.02,36853.02,0,D,N,CHAPS,,N,9,7,INV-46202,,PO1202,,EX,1,19/12/2025,W
HOL,SUP0092,10072,1,INVOICE,27/09/2024,09/10/2024,05/02/2026,benchmark holistic eyeballs,6069.68,6069.68,GBP,2456.7,2456.7,0,D,I,BACS,,N,5,9,INV-63856,,PO8955,,Z0,1,28/02/2026,T
HOC,SUP0068,10073,1,INVOICE,15/07/2025,04/11/2024,09/09/2025,grow compelling convergence,20447.21,20447.21,GBP,14983.13,14983.13,0,D,N,BACS,,N,12,8,INV-58816,,,CN410,Z0,1,28/01/2026,T
HOL,SUP0030,10074,1,INVOICE,02/01/2025,07/12/2024,18/11/2025,facilitate enterprise bandwidth,48638.58,48638.58,GBP,22352.84,22352.84,0,D,I,BACS,,N,4,8,INV-63368,,PO9462,CN940,S20,1,29/12/2025,T
HOL,SUP0018,10075,1,INVOICE,09/11/2024,17/04/2025,,re-contextualize world-class solutions,15900.59,18285.68,EUR,10411.02,10411.02,0,D,N,BACS,,N,4,1,INV-57235,,PO5488,,Z0,1.201,13/12/2025,
HOC,SUP0010,10076,1,INVOICE,05/06/2025,08/04/2025,06/12/2025,scale web-enabled networks,12475.94,14347.33,EUR,8011.43,8011.43,0,D,P,BACS,,N,5,1,INV-31352,,PO4511,CN762,S20,1.2355,29/01/2026,T
HOC,EC_M009,10077,1,INVOICE,24/10/2024,27/11/2025,02/10/2025,synergize bleeding-edge e-markets,1492.59,1492.59,GBP,1263.05,1263.05,0,D,N,BACS,,N,5,10,INV-50037,,PO5511,,Z0,1,19/01/2026,T
HOC,SUP0064,10078,1,INVOICE,09/04/2025,12/12/2025,,integrate turn-key info-mediaries,11301.35,11301.35,GBP,5780.66,5780.66,0,D,P,INT,,N,11,10,INV-49121,,PO8892,,Z0,1,13/12/2025,T
HOC,SUP0068,10079,1,CREDIT,18/11/2025,14/05/2025,18/02/2026,unleash enterprise architectures,-13426.77,13426.77,GBP,-10711.42,10711.42,0,C,I,CHAPS,,N,11,6,INV-13336,10063,PO5250,CN514,Z0,1,28/02/2026,W
HOL,EC_M017,10080,1,INVOICE,13/03/2025,28/12/2024,14/09/2025,repurpose B2C models,40892.73,40892.73,GBP,22090.95,22090.95,0,D,P,INT,,N,5,3,INV-83170,,PO2599,,EX,1,30/01/2026,W
HOL,SUP0054,10081,1,INVOICE,11/10/2025,17/01/2025,17/11/2025,integrate end-to-end mindshare,47372.71,47372.71,GBP,44043.06,44043.06,0,D,P,BACS,,N,5,10,INV-25437,,PO2166,,S20,1,30/12/2025,
HOC,SUP0087,10082,1,CREDIT,12/09/2024,23/10/2025,10/10/2025,benchmark open-source platforms,-26727.01,26727.01,GBP,-15746.89,15746.89,0,C,R,BACS,,N,6,12,INV-20592,10062,PO3897,,S20,1,04/03/2026,T
HOC,SUP0068,10083,1,INVOICE,27/12/2024,08/01/2025,30/01/2026,cultivate visionary platforms,10864.43,10864.43,GBP,9142.2,9142.2,0,D,I,CHAPS,,N,11,7,INV-72573,,PO1618,,EX,1,16/01/2026,
HOL,SUP0078,10084,1,INVOICE,23/01/2025,28/09/2025,06/12/2025,mesh ubiquitous synergies,37963.96,37963.96,GBP,25501.29,25501.29,0,D,P,BACS,,N,2,7,INV-50123,,PO1749,,Z0,1,05/01/2026,W
HOC,EC_M011,10085,1,CREDIT,29/10/2024,28/05/2025,15/01/2026,drive B2B e-markets,-17222.84,17222.84,GBP,-15872.26,15872.26,0,C,N,CHAPS,,N,1,4,INV-27197,10027,PO9267,,Z0,1,11/12/2025,
HOC,SUP0087,10086,1,INVOICE,11/09/2024,09/01/2026,18/09/2025,cultivate B2C partnerships,43888.93,43888.93,GBP,21025.1,21025.1,0,D,N,BACS,,N,12,2,INV-59840,,PO5140,,S20,1,06/02/2026,
HOC,SUP0072,10087,1,INVOICE,09/02/2025,24/11/2025,06/02/2026,syndicate back-end supply-chains,21333.14,21333.14,GBP,7907.89,7907.89,0,D,I,INT,,N,2,5,INV-23928,,PO4272,,EX,1,07/02/2026,T
HOC,SUP0091,10088,1,INVOICE,13/10/2024,01/06/2025,04/03/2026,re-intermediate impactful experiences,15119.88,15119.88,GBP,4953.03,4953.03,0,D,N,BACS,,N,2,10,INV-29548,,PO9383,,EX,1,20/02/2026,T
HOC,SUP0060,10089,1,INVOICE,13/12/2024,05/11/2025,20/12/2025,evolve open-source methodologies,23109.19,23109.19,GBP,22741.84,22741.84,0,D,P,BACS,,N,7,12,INV-16014,,,,EX,1,11/02/2026,T
HOC,SUP0084,10090,1,INVOICE,27/07/2025,12/12/2024,03/02/2026,iterate enterprise vortals,44779.12,44779.12,GBP,43371.37,43371.37,0,D,R,CHAPS,,N,8,5,INV-72684,,PO3732,,EX,1,25/02/2026,T
HOL,SUP0035,10091,1,INVOICE,02/11/2025,27/03/2025,03/12/2025,whiteboard holistic users,21093.37,21093.37,GBP,15050.65,15050.65,0,D,I,BACS,,N,11,12,INV-27125,,PO8997,,Z0,1,07/01/2026,
HOL,SUP0018,10092,1,INVOICE,06/01/2025,18/01/2025,11/10/2025,integrate innovative action-items,13449.84,13449.84,GBP,6993.47,6993.47,0,D,N,BACS,,N,9,9,INV-91033,,,,S20,1,02/01/2026,T
HOL,SUP0088,10093,1,CREDIT,28/01/2026,10/03/2025,26/10/2025,whiteboard front-end e-services,-7858.4,7858.4,GBP,-6903.66,6903.66,0,C,R,CHAPS,,N,3,2,INV-52026,10030,PO5557,,S20,1,24/12/2025,T
HOC,SUP0090,10094,1,INVOICE,19/12/2025,21/11/2024,14/12/2025,extend e-business e-commerce,40946.61,40946.61,GBP,14543.47,14543.47,0,D,N,CHAPS,,N,12,11,,,PO1587,,S20,1,21/02/2026,W
HOC,SUP0072,10095,1,INVOICE,12/08/2025,31/07/2025,06/01/2026,transform mission-critical systems,44560.49,44560.49,GBP,30908.62,30908.62,0,D,R,BACS,,N,9,10,INV-96136,,PO8414,,EX,1,04/02/2026,
HOL,SUP0080,10096,1,INVOICE,26/07/2025,08/02/2025,21/01/2026,leverage seamless web-readiness,18079.38,18079.38,GBP,13443.15,13443.15,0,D,R,BACS,,N,12,12,INV-24019,,PO4209,,Z0,1,05/02/2026,T
HOL,SUP0055,10097,1,INVOICE,01/12/2024,23/02/2025,09/11/2025,integrate world-class markets,35981,41378.15,USD,13508.56,13508.56,0,D,I,INT,,N,3,8,,,PO8091,CN594,EX,1.2562,10/02/2026,W
HOC,SUP0045,10098,1,INVOICE,08/11/2024,22/08/2025,26/11/2025,envisioneer synergistic relationships,36659.49,36659.49,GBP,14292.33,14292.33,0,D,R,INT,,N,12,4,INV-54939,,PO8419,CN241,Z0,1,17/12/2025,W
HOC,SUP0072,10099,1,INVOICE,25/04/2025,16/03/2025,10/01/2026,brand B2B action-items,42232.18,42232.18,GBP,28864.18,28864.18,0,D,I,BACS,,N,11,6,INV-27389,,PO3913,,EX,1,13/12/2025,T
HOC,SUP0036,10100,1,INVOICE,04/02/2025,04/07/2025,19/10/2025,mesh transparent networks,38158.36,43882.11,USD,26466.49,26466.49,0,D,R,BACS,,N,9,2,,,PO1927,,S20,1.2967,07/12/2025,T
HOC,SUP0041,10101,1,INVOICE,17/01/2026,03/08/2025,06/02/2026,innovate viral communities,42049.4,42049.4,GBP,32942.19,32942.19,0,D,I,INT,,N,4,12,INV-60972,,PO5712,,S20,1,15/01/2026,T
HOL,SUP0092,10102,1,INVOICE,27/01/2026,18/01/2025,27/09/2025,reinvent strategic e-business,47856.75,47856.75,GBP,47046.82,47046.82,0,D,R,BACS,,N,11,12,INV-58200,,PO9955,,S20,1,08/02/2026,T
HOC,EC_M001,10103,1,INVOICE,15/05/2025,03/12/2025,15/11/2025,cultivate enterprise e-business,9282.58,9282.58,GBP,7220.56,7220.56,0,D,P,INT,,N,5,3,INV-43425,,,,S20,1,27/02/2026,T
HOL,SUP0078,10104,1,INVOICE,01/09/2025,27/05/2025,15/10/2025,innovate web-enabled models,30045.58,30045.58,GBP,25285.24,25285.24,0,D,P,BACS,,N,12,6,INV-34100,,PO9276,,EX,1,26/12/2025,T
HOC,SUP0027,10105,1,INVOICE,05/09/2025,14/10/2025,27/09/2025,redefine B2B e-services,17795.45,17795.45,GBP,16342.94,16342.94,0,D,I,CHAPS,,N,9,11,,,PO8301,,EX,1,16/12/2025,W
HOL,SUP0063,10106,1,INVOICE,07/10/2024,06/12/2025,17/10/2025,target dot-com bandwidth,47965.39,55160.2,USD,37306.81,37306.81,0,D,N,INT,,N,6,9,INV-68400,,PO5856,CN297,Z0,1.2028,20/02/2026,T
HOC,EC_M012,10107,1,INVOICE,16/10/2025,17/11/2024,06/02/2026,morph value-added bandwidth,26893.69,26893.69,GBP,19870.49,19870.49,0,D,N,INT,,N,12,12,INV-94746,,PO2181,,S20,1,01/03/2026,T
HOC,SUP0079,10108,1,INVOICE,28/12/2025,14/04/2025,28/12/2025,productize front-end methodologies,2375.37,2375.37,GBP,834.4,834.4,0,D,R,CHAPS,,N,8,11,INV-51471,,,,EX,1,04/03/2026,W
HOL,SUP0018,10109,1,INVOICE,15/10/2024,21/05/2025,10/09/2025,incubate granular partnerships,37920.05,37920.05,GBP,26920.41,26920.41,0,D,P,INT,,N,2,5,INV-67367,,PO1504,,EX,1,04/02/2026,T
HOL,SUP0089,10110,1,INVOICE,03/09/2025,21/02/2025,20/09/2025,grow cross-media applications,39940.14,39940.14,GBP,35731.54,35731.54,0,D,P,BACS,,N,9,9,INV-15475,,,,EX,1,24/12/2025,
HOC,SUP0075,10111,1,INVOICE,27/10/2024,09/03/2025,27/01/2026,monetize cutting-edge portals,10897.62,10897.62,GBP,8925.17,8925.17,0,D,N,BACS,,N,4,10,INV-35470,,PO1891,CN662,Z0,1,12/12/2025,W
HOL,SUP0021,10112,1,INVOICE,29/05/2025,03/10/2024,31/01/2026,target seamless solutions,14887.31,14887.31,GBP,5168.19,5168.19,0,D,N,BACS,,N,5,10,INV-35362,,PO8383,,EX,1,24/01/2026,W
HOC,SUP0042,10113,1,INVOICE,31/01/2026,26/08/2025,07/01/2026,synergize compelling platforms,28494.82,28494.82,GBP,15818.77,15818.77,0,D,R,BACS,,N,6,3,INV-53458,,PO8583,,Z0,1,01/01/2026,W
HOL,SUP0035,10114,1,INVOICE,23/11/2025,03/11/2024,27/12/2025,incentivize enterprise networks,9200.62,10580.71,EUR,6667.13,6667.13,0,D,N,BACS,,N,9,11,,,PO7637,,S20,1.2813,24/12/2025,T
HOC,EC_M013,10115,1,INVOICE,17/07/2025,11/10/2025,05/10/2025,seize distributed technologies,44752.3,44752.3,GBP,30331.94,30331.94,0,D,P,BACS,,N,8,9,INV-62007,,PO1173,,EX,1,07/12/2025,T
HOC,EC_M009,10116,1,INVOICE,13/11/2024,25/09/2024,01/11/2025,utilize impactful niches,7448.35,7448.35,GBP,3064.67,3064.67,0,D,P,BACS,,N,4,8,INV-44649,,PO1701,,EX,1,17/01/2026,T
HOC,EC_M004,10117,1,INVOICE,12/12/2025,07/02/2025,23/09/2025,implement scalable metrics,45936.15,45936.15,GBP,42127.42,42127.42,0,D,P,BACS,,N,10,9,INV-59369,,PO6985,,S20,1,28/12/2025,T
HOC,SUP0087,10118,1,INVOICE,10/08/2025,29/05/2025,01/10/2025,extend rich technologies,48647.37,48647.37,GBP,22184.63,22184.63,0,D,N,INT,,N,3,8,INV-20104,,PO5600,,S20,1,12/02/2026,T
HOC,SUP0037,10119,1,INVOICE,22/02/2025,02/06/2025,04/10/2025,revolutionize bleeding-edge metrics,33224.93,33224.93,GBP,19610.34,19610.34,0,D,N,CHAPS,,N,1,4,,,PO3639,,EX,1,27/02/2026,W
HOC,SUP0041,10120,1,INVOICE,02/04/2025,24/09/2024,28/02/2026,exploit synergistic e-services,3267.64,3757.79,USD,1571.02,1571.02,0,D,N,BACS,,N,8,10,INV-73133,,PO7730,,EX,1.2641,09/02/2026,W
HOC,EC_M009,10121,1,INVOICE,06/04/2025,29/12/2025,26/11/2025,whiteboard dynamic e-business,13593.77,13593.77,GBP,10969.23,10969.23,0,D,N,BACS,,N,1,4,INV-76107,,PO3450,,S20,1,03/01/2026,W
HOL,SUP0013,10122,1,INVOICE,02/03/2025,28/11/2025,17/10/2025,morph global functionalities,43948.76,43948.76,GBP,29533.61,29533.61,0,D,N,CHAPS,,N,9,7,INV-15693,,PO8028,,Z0,1,15/01/2026,T
HOC,EC_M019,10123,1,INVOICE,30/06/2025,26/11/2025,04/01/2026,transform revolutionary content,40328.74,40328.74,GBP,37727.59,37727.59,0,D,N,BACS,,N,10,9,INV-34775,,,,S20,1,21/12/2025,W
HOC,SUP0037,10124,1,INVOICE,08/07/2025,01/08/2025,15/11/2025,generate visionary paradigms,26228.21,26228.21,GBP,14753.92,14753.92,0,D,I,BACS,,N,5,9,INV-57925,,PO7511,,Z0,1,24/12/2025,W
HOC,EC_M005,10125,1,INVOICE,13/04/2025,10/08/2025,23/11/2025,benchmark bricks-and-clicks channels,9346.62,10748.61,EUR,6461.93,6461.93,0,D,N,BACS,,N,8,12,INV-23143,,PO7562,,EX,1.2228,07/12/2025,
HOL,SUP0043,10126,1,INVOICE,06/06/2025,16/10/2024,10/02/2026,evolve distributed vortals,19760.63,19760.63,GBP,14723.91,14723.91,0,D,N,BACS,,N,4,6,INV-14948,,PO7564,,EX,1,27/01/2026,W
HOC,SUP0017,10127,1,INVOICE,22/10/2025,24/11/2024,23/10/2025,extend next-generation ROI,47312.93,47312.93,GBP,41359.08,41359.08,0,D,P,BACS,,N,1,10,INV-40365,,PO1590,,EX,1,04/03/2026,T
HOC,SUP0027,10128,1,INVOICE,08/04/2025,23/10/2025,05/09/2025,aggregate end-to-end users,49842.45,49842.45,GBP,42155.3,42155.3,0,D,N,BACS,,N,9,5,INV-83284,,PO6703,,Z0,1,04/02/2026,W
HOL,SUP0055,10129,1,INVOICE,19/05/2025,10/12/2025,27/10/2025,matrix bricks-and-clicks deliverables,23010.57,23010.57,GBP,13409.86,13409.86,0,D,P,BACS,,N,2,9,INV-80504,,PO5098,,Z0,1,22/12/2025,T
HOL,SUP0063,10130,1,INVOICE,08/04/2025,18/11/2024,,deliver real-time communities,37994.93,37994.93,GBP,36964.02,36964.02,0,D,N,BACS,,N,2,7,INV-38885,,PO4767,CN522,Z0,1,28/12/2025,W
HOC,SUP0005,10131,1,INVOICE,15/01/2025,09/12/2024,14/10/2025,morph compelling technologies,35190.52,35190.52,GBP,17044.34,17044.34,0,D,N,CHAPS,,N,6,6,INV-85197,,PO4115,,S20,1,02/02/2026,T
HOL,SUP0066,10132,1,INVOICE,15/11/2025,31/12/2024,12/02/2026,extend cross-platform initiatives,10735.54,10735.54,GBP,4744.43,4744.43,0,D,R,INT,,N,1,9,INV-73214,,PO6167,,EX,1,28/01/2026,T
HOL,SUP0054,10133,1,INVOICE,13/04/2025,29/11/2025,16/11/2025,target intuitive eyeballs,49227.54,49227.54,GBP,46333.2,46333.2,0,D,R,INT,,N,1,9,INV-99959,,PO8490,CN815,EX,1,05/01/2026,T
HOC,SUP0005,10134,1,INVOICE,26/03/2025,18/11/2024,15/10/2025,engineer magnetic methodologies,1085.09,1085.09,GBP,485.61,485.61,0,D,P,BACS,,N,5,8,INV-54970,,PO9171,,Z0,1,05/12/2025,T
HOL,SUP0085,10135,1,INVOICE,14/04/2025,16/02/2025,07/02/2026,drive impactful schemas,42789.14,42789.14,GBP,21212.32,21212.32,0,D,P,BACS,,N,9,7,INV-35698,,PO3450,,S20,1,10/02/2026,T
HOC,EC_M007,10136,1,INVOICE,25/08/2025,27/12/2024,30/12/2025,disintermediate e-business interfaces,7156.35,7156.35,GBP,6621.69,6621.69,0,D,I,INT,,N,1,7,INV-31409,,,CN587,EX,1,20/02/2026,T
HOC,SUP0079,10137,1,INVOICE,10/08/2025,23/01/2026,05/12/2025,implement back-end users,13358.57,13358.57,GBP,7376.8,7376.8,0,D,I,BACS,,N,10,10,INV-80574,,PO5663,,EX,1,29/12/2025,T
HOC,EC_M001,10138,1,INVOICE,20/11/2025,15/11/2024,08/12/2025,embrace ubiquitous relationships,44536.81,44536.81,GBP,25241.22,25241.22,0,D,R,INT,,N,10,7,INV-19351,,,,Z0,1,23/01/2026,T
HOC,SUP0067,10139,1,CREDIT,10/10/2024,01/08/2025,22/10/2025,innovate back-end applications,-30466.56,30466.56,GBP,-17573.68,17573.68,0,C,R,CHAPS,,N,3,3,INV-26389,10060,PO2311,,Z0,1,19/02/2026,
HOL,SUP0018,10140,1,INVOICE,10/05/2025,07/01/2025,06/02/2026,synergize out-of-the-box platforms,46871.29,46871.29,GBP,29586.57,29586.57,0,D,P,INT,,N,3,2,INV-61097,,PO5053,,Z0,1,14/12/2025,T
HOL,SUP0038,10141,1,INVOICE,22/10/2024,20/08/2025,05/11/2025,innovate bleeding-edge info-mediaries,26573.75,26573.75,GBP,11145.71,11145.71,0,D,I,BACS,,N,9,8,INV-80685,,PO8480,,EX,1,22/12/2025,T
HOC,EC_M011,10142,1,CREDIT,09/10/2025,17/12/2024,16/12/2025,utilize world-class e-business,-32169.43,32169.43,GBP,-21670.9,21670.9,0,C,P,CHAPS,,N,5,3,INV-10012,10133,PO3233,,Z0,1,26/12/2025,
HOC,EC_M006,10143,1,INVOICE,06/09/2025,03/04/2025,03/03/2026,enhance innovative functionalities,47374.4,47374.4,GBP,30032.86,30032.86,0,D,I,BACS,,N,4,7,INV-67292,,PO3675,,EX,1,14/01/2026,T
HOL,SUP0059,10144,1,INVOICE,25/10/2024,26/03/2025,10/09/2025,transition plug-and-play content,13517.52,13517.52,GBP,8050.6,8050.6,0,D,P,BACS,,N,11,12,INV-45235,,PO2121,,Z0,1,18/02/2026,T
HOC,EC_M001,10145,1,INVOICE,08/01/2026,24/09/2024,16/01/2026,visualize transparent initiatives,13970.64,13970.64,GBP,10281.38,10281.38,0,D,N,BACS,,N,5,3,INV-11075,,PO3468,,S20,1,20/01/2026,T
HOC,SUP0075,10146,1,INVOICE,17/01/2026,17/08/2025,26/01/2026,enable revolutionary paradigms,39393.4,39393.4,GBP,25561.47,25561.47,0,D,N,BACS,,N,7,2,INV-33803,,PO5097,CN948,S20,1,17/02/2026,T
HOL,SUP0088,10147,1,INVOICE,12/06/2025,22/01/2025,22/10/2025,monetize rich initiatives,38675.65,38675.65,GBP,23594.96,23594.96,0,D,N,CHAPS,,N,7,11,INV-52344,,PO1691,,EX,1,28/12/2025,
HOC,SUP0064,10148,1,INVOICE,26/02/2025,14/10/2025,03/01/2026,transform web-enabled users,24320.86,24320.86,GBP,12383.43,12383.43,0,D,R,BACS,,N,1,3,INV-86637,,PO4982,,S20,1,20/12/2025,T
HOC,SUP0042,10149,1,INVOICE,23/03/2025,13/08/2025,25/09/2025,enable integrated bandwidth,18884.23,18884.23,GBP,6848.1,6848.1,0,D,N,BACS,,N,6,11,INV-80300,,PO3061,,Z0,1,23/12/2025,T
HOC,SUP0001,20001,1,INVOICE,13/10/2025,15/12/2025,,disintermediate next-generation applications,8152.49,8152.49,GBP,8152.49,8152.49,0,D,N,BACS,,N,6,6,INV-59514,,PO6868,,S20,1,09/02/2026,T
HOC,SUP0001,20002,1,INVOICE,23/01/2026,01/10/2025,18/01/2026,extend B2C e-markets,1779.96,1779.96,GBP,1779.96,1779.96,0,D,N,BACS,,N,6,6,,,PO5828,,S20,1,15/02/2026,T
HOC,SUP0001,20003,1,INVOICE,16/12/2025,10/09/2025,21/02/2026,visualize mission-critical models,,7121.86,GBP,,7121.86,0,D,N,BACS,,N,6,6,INV-81253,,PO6696,,S20,1,22/02/2026,T
HOC,SUP0001,20004,1,CREDIT,24/11/2025,14/09/2025,22/02/2026,re-intermediate transparent niches,-500,7457.82,GBP,-500,7457.82,0,C,N,BACS,,N,6,6,INV-19027,,PO9702,,S20,1,28/02/2026,T
HOC,SUP0001,20005,1,INVOICE,27/11/2025,17/09/2025,09/02/2026,integrate out-of-the-box e-tailers,4769.15,4769.15,GBP,4769.15,4769.15,0,D,P,BACS,,N,6,6,INV-69517,,PO1011,,S20,1,08/02/2026,T
HOC,SUP0001,20006,1,INVOICE,28/10/2025,17/12/2025,07/01/2026,grow visionary action-items,6561.25,6561.25,GBP,6561.25,6561.25,0,D,N,BACS,,N,6,6,INV-12453,,,,S20,1,08/02/2026,T
HOC,SUP0001,20007,1,INVOICE,12/11/2025,17/01/2026,21/01/2026,iterate bricks-and-clicks platforms,-750,6391.87,GBP,-750,6391.87,0,D,N,BACS,,N,6,6,INV-80642,,PO7348,,S20,1,26/02/2026,T
HOC,SUP0001,20008,1,INVOICE,28/09/2025,14/09/2025,23/02/2026,innovate out-of-the-box users,5478.66,,EUR,5478.66,5478.66,0,D,N,BACS,,N,6,6,INV-90352,,PO5638,,S20,1.15,22/02/2026,T
HOC,SUP0001,20009,1,INVOICE,12/11/2025,05/01/2026,26/02/2026,productize synergistic markets,4393.14,4393.14,GBP,0,4393.14,0,D,N,BACS,,N,6,6,INV-78576,,PO2092,,S20,1,03/03/2026,T
HOC,SUP0001,20010,1,INVOICE,31/12/2025,19/12/2025,08/01/2026,strategize efficient solutions,1000,8434.34,GBP,1500,8434.34,0,D,N,BACS,,N,6,6,INV-14099,,PO4310,,S20,1,01/03/2026,T
HOC,SUP0001,20011,1,INVOICE,08/01/2026,25/01/2026,04/12/2025,embrace ubiquitous infrastructures,5000,5111.02,GBP,5000,5111.02,0,D,N,BACS,,N,6,6,INV-94115,,PO7366,,S20,1,11/02/2026,T
HOC,SUP0001,20012,1,CREDIT,29/11/2025,21/01/2026,09/02/2026,repurpose killer experiences,-1000,5154.14,GBP,-1000,5154.14,0,C,N,BACS,,N,6,6,INV-38930,99999,PO2161,,S20,1,04/03/2026,T
HOC,EC_NEG,20013,1,INVOICE,11/12/2025,30/09/2025,04/01/2026,whiteboard vertical markets,1000,9337,GBP,1000,9337,0,D,N,BACS,,N,6,6,INV-20480,,PO8668,,S20,1,07/02/2026,T
HOC,EC_NEG,20014,1,CREDIT,02/11/2025,13/09/2025,16/01/2026,generate open-source action-items,-3000,6569.71,GBP,-3000,6569.71,0,C,N,BACS,,N,6,6,INV-64519,20013,PO7046,,S20,1,07/02/2026,T
HOC,SUP0001,20015,1,INVOICE,26/11/2025,20/09/2025,02/03/2026,enable best-of-breed partnerships,7230.12,7230.12,GBP,7230.12,7230.12,0,D,N,BACS,,N,6,6,INV-19225,,PO5979,,S20,1,02/03/2026,W
HOC,SUP0001,20016,1,INVOICE,23/09/2025,09/01/2026,26/02/2026,e-enable best-of-breed applications,9473.73,9473.73,USD,9473.73,9473.73,0,D,N,BACS,,N,6,6,INV-40279,,PO9710,,S20,,20/02/2026,T
HOC,SUP0001,20017,1,INVOICE,21/09/2025,01/12/2025,27/01/2026,architect bleeding-edge supply-chains,2299.87,2299.87,GBP,2299.87,2299.87,0,D,N,BACS,,N,6,6,INV-DUPE-001,,PO3931,,S20,1,15/02/2026,T
HOC,SUP0001,20018,1,INVOICE,19/10/2025,06/01/2026,14/01/2026,revolutionize B2B metrics,7617.35,7617.35,GBP,7617.35,7617.35,0,D,N,BACS,,N,6,6,INV-DUPE-001,,PO6864,,S20,1,11/02/2026,T
HOC,EC_M020,20019,1,INVOICE,16/10/2025,07/01/2026,22/02/2026,implement efficient eyeballs,4857.85,4857.85,GBP,4857.85,4857.85,0,D,N,BACS,,N,6,6,INV-33644,,PO7579,,S20,1,16/02/2026,T
HOC,GHOST001,20020,1,INVOICE,24/12/2025,19/09/2025,25/01/2026,enable dot-com ROI,3706.37,3706.37,GBP,3706.37,3706.37,0,D,N,BACS,,N,6,6,INV-68066,,PO6772,,S20,1,04/02/2026,T
